timestamp,gt_x,gt_y,kf_x,kf_y,ekf_x,ekf_y,pf_x,pf_y
1299.171000,-1.999984,-0.500013,-2.000000,-0.500012,-1.999988,-0.500012,-1.476369,-0.698275
1299.471000,-1.999923,-0.500012,-2.005148,-0.496695,-1.999926,-0.500008,-1.494873,-0.698126
1299.771000,-1.999923,-0.500011,-2.018429,-0.494040,-1.999963,-0.500004,-1.600063,-0.670347
1299.971000,-1.999961,-0.500011,-2.024738,-0.494174,-1.999992,-0.500003,-1.706454,-0.647733
1300.171000,-1.999987,-0.500010,-2.027073,-0.491410,-2.000006,-0.500001,-1.806968,-0.611546
1300.371000,-1.999988,-0.500010,-2.025701,-0.491734,-2.000009,-0.500000,-1.826952,-0.603926
1300.671000,-1.999963,-0.500009,-2.031409,-0.491010,-1.999977,-0.499997,-1.832082,-0.603903
1300.971000,-1.999921,-0.500009,-2.036070,-0.491150,-1.999946,-0.499995,-1.813475,-0.608503
1301.171000,-1.999947,-0.500009,-2.044475,-0.491128,-1.999975,-0.499994,-1.733755,-0.627420
1301.371000,-1.999966,-0.500008,-2.050910,-0.490004,-1.999995,-0.499993,-1.873555,-0.597525
1301.571000,-1.999971,-0.500008,-2.054940,-0.488868,-2.000002,-0.499992,-1.880476,-0.578816
1301.771000,-1.999962,-0.500008,-2.059301,-0.489501,-1.999978,-0.499990,-1.861842,-0.588034
1301.971000,-1.999937,-0.500008,-2.060770,-0.491183,-1.999961,-0.499989,-1.801838,-0.602210
1302.171000,-1.999928,-0.500007,-2.067681,-0.491858,-1.999974,-0.499988,-1.759907,-0.623486
1302.371000,-1.999954,-0.500007,-2.071502,-0.492541,-1.999991,-0.499987,-1.785193,-0.616448
1302.571000,-1.999957,-0.500007,-2.075729,-0.492455,-1.999995,-0.499987,-1.842242,-0.598327
1302.871000,-1.999937,-0.500007,-2.084661,-0.490159,-1.999970,-0.499985,-1.813705,-0.614493
1303.171000,-1.999943,-0.500006,-2.093287,-0.488530,-1.999991,-0.499984,-1.831825,-0.616235
1303.371000,-1.999949,-0.500006,-2.097349,-0.489112,-1.999990,-0.499983,-1.866868,-0.597628
1303.571000,-1.999935,-0.500006,-2.101634,-0.485946,-1.999978,-0.499983,-1.854769,-0.598824
1303.771000,-1.999937,-0.500006,-2.105811,-0.487028,-1.999981,-0.499982,-1.855088,-0.581913
1304.071000,-1.999944,-0.500006,-2.113348,-0.481998,-1.999988,-0.499981,-1.830506,-0.587187
1304.371000,-1.999937,-0.500006,-2.124671,-0.484257,-1.999991,-0.499980,-1.827634,-0.600267
1304.571000,-1.999583,-0.500005,-2.127710,-0.486618,-1.999978,-0.499978,-1.875817,-0.581139
1304.771000,-1.998635,-0.499991,-2.131769,-0.487097,-1.999984,-0.499940,-1.837796,-0.605542
1304.971000,-1.997836,-0.499807,-2.138116,-0.478964,-1.999984,-0.497384,-1.834149,-0.611945
1305.171000,-1.997521,-0.499331,-2.155421,-0.468592,-2.001298,-0.489644,-1.820000,-0.620038
1305.371000,-1.998549,-0.498484,-2.165613,-0.493214,-2.003409,-0.484687,-1.835186,-0.607774
1305.571000,-2.000254,-0.497540,-2.177941,-0.491995,-2.007308,-0.480381,-1.785711,-0.599209
1305.771000,-1.999947,-0.497424,-2.170462,-0.490078,-2.010885,-0.478209,-1.762377,-0.602916
1305.971000,-1.999976,-0.496961,-2.184182,-0.445993,-2.014159,-0.474898,-1.801648,-0.599365
1306.271000,-1.998025,-0.493882,-2.156184,-0.462401,-2.013899,-0.469545,-1.878474,-0.566972
1306.571000,-1.984402,-0.451403,-2.113693,-0.451033,-1.995065,-0.406150,-1.849224,-0.550086
1306.771000,-1.981728,-0.413834,-2.097407,-0.434230,-1.992846,-0.370991,-1.888332,-0.488298
1306.971000,-1.989303,-0.364541,-2.079490,-0.435316,-1.995233,-0.339819,-1.857278,-0.465033
1307.171000,-2.001469,-0.331667,-2.065274,-0.419753,-2.002832,-0.307711,-1.846109,-0.423263
1307.471000,-2.032585,-0.283066,-2.020484,-0.396014,-2.035742,-0.247837,-1.791536,-0.392260
1307.771000,-2.076130,-0.242012,-1.972361,-0.352447,-2.083955,-0.202706,-1.816476,-0.359466
1307.971000,-2.117347,-0.216890,-1.951701,-0.335945,-2.108354,-0.186988,-1.803907,-0.360302
1308.171000,-2.146692,-0.203469,-1.940847,-0.312235,-2.137559,-0.171950,-1.732402,-0.362863
1308.371000,-2.176387,-0.191926,-1.975136,-0.355732,-2.164934,-0.156845,-1.670940,-0.371457
1308.571000,-2.212478,-0.179407,-1.998679,-0.412442,-2.226329,-0.130439,-1.722031,-0.356239
1308.771000,-2.251917,-0.167024,-1.974826,-0.377431,-2.255834,-0.117017,-1.774999,-0.336589
1308.971000,-2.288457,-0.156240,-1.829693,-0.333669,-2.286281,-0.103012,-1.800231,-0.366176
1309.171000,-2.336667,-0.142807,-1.851855,-0.350588,-2.318990,-0.089925,-1.858614,-0.388003
1309.371000,-2.369078,-0.132533,-1.828068,-0.365423,-2.352143,-0.077382,-1.893979,-0.399527
1309.671000,-2.420367,-0.111959,-1.756588,-0.350089,-2.417933,-0.048470,-1.944641,-0.380095
1309.971000,-2.478854,-0.078485,-1.750086,-0.373117,-2.473653,-0.016705,-2.015105,-0.327647
1310.171000,-2.518931,-0.052331,-1.746637,-0.365040,-2.502027,-0.002965,-2.042553,-0.287597
1310.371000,-2.565936,-0.024574,-1.737850,-0.350114,-2.531557,0.009529,-2.075530,-0.259747
1310.571000,-2.596711,-0.005203,-1.726274,-0.343591,-2.562292,0.024712,-2.107937,-0.229190
1310.871000,-2.648028,0.024947,-1.641752,-0.390863,-2.624996,0.057331,-2.129858,-0.209280
1311.171000,-2.704412,0.052934,-1.630039,-0.381290,-2.688079,0.088904,-2.202806,-0.152319
1311.371000,-2.756246,0.075911,-1.615791,-0.376243,-2.720441,0.103925,-2.235163,-0.128620
1311.571000,-2.788509,0.089949,-1.595978,-0.374194,-2.751146,0.117267,-2.264315,-0.105706
1311.771000,-2.820890,0.103575,-1.584119,-0.382265,-2.782058,0.130585,-2.296368,-0.087367
1311.971000,-2.857837,0.118459,-1.618279,-0.401169,-2.845318,0.158509,-2.342221,-0.064425
1312.171000,-2.897129,0.134070,-1.610487,-0.390076,-2.879105,0.173326,-2.368621,-0.046649
1312.371000,-2.937743,0.150930,-1.621199,-0.406366,-2.913564,0.187842,-2.406298,-0.023543
1312.571000,-2.989204,0.173031,-1.612585,-0.413359,-2.947029,0.202382,-2.438897,-0.008638
1312.771000,-3.022700,0.187524,-1.599345,-0.416594,-2.980868,0.216787,-2.467693,0.026364
1313.071000,-3.075329,0.210439,-1.580863,-0.417770,-3.047677,0.245636,-2.497953,0.055029
1313.371000,-3.134568,0.235666,-1.551893,-0.404988,-3.113421,0.273342,-2.567169,0.102069
1313.571000,-3.172480,0.250721,-1.541386,-0.405157,-3.146974,0.286840,-2.603188,0.120413
1313.771000,-3.222833,0.269839,-1.468359,-0.382807,-3.180134,0.299300,-2.648146,0.147792
1313.971000,-3.255467,0.281901,-1.458151,-0.378920,-3.213371,0.311975,-2.682279,0.168694
1314.271000,-3.310515,0.301957,-1.436926,-0.362811,-3.278768,0.337122,-2.716695,0.188712
1314.571000,-3.370178,0.323777,-1.387006,-0.361122,-3.345717,0.362595,-2.788527,0.231008
1314.771000,-3.422587,0.343145,-1.382254,-0.361032,-3.377540,0.374171,-2.814831,0.254492
1314.971000,-3.456753,0.355710,-1.396223,-0.367157,-3.410347,0.386792,-2.849194,0.278260
1315.171000,-3.490999,0.368581,-1.387497,-0.368268,-3.444091,0.399361,-2.877479,0.300353
1315.371000,-3.527363,0.381990,-1.409190,-0.380392,-3.511672,0.423846,-2.913108,0.323332
1315.571000,-3.567416,0.397017,-1.393996,-0.382875,-3.546147,0.437209,-2.955124,0.346362
1315.771000,-3.606792,0.412027,-1.394402,-0.388158,-3.579403,0.450009,-2.989055,0.366966
1315.971000,-3.658473,0.432098,-1.377605,-0.389422,-3.612122,0.462968,-3.017480,0.384775
1316.171000,-3.693315,0.445541,-1.356488,-0.396688,-3.646187,0.475442,-3.061243,0.415613
1316.471000,-3.746917,0.466535,-1.337148,-0.394271,-3.714015,0.502027,-3.097083,0.436783
1316.771000,-3.807203,0.490434,-1.303678,-0.397462,-3.782368,0.528834,-3.180010,0.482181
1316.971000,-3.847066,0.506093,-1.290703,-0.401540,-3.816581,0.541478,-3.221685,0.506015
1317.171000,-3.896712,0.525940,-1.277951,-0.398942,-3.851414,0.554798,-3.251941,0.535948
1317.371000,-3.931653,0.539297,-1.265936,-0.389898,-3.886412,0.568150,-3.282480,0.557022
1317.671000,-3.987232,0.559722,-1.238109,-0.381939,-3.953482,0.592263,-3.311008,0.571465
1317.971000,-4.046355,0.581587,-1.207017,-0.399267,-4.019441,0.615477,-3.384306,0.605891
1318.171000,-4.101300,0.602046,-1.251021,-0.417067,-4.054585,0.628189,-3.409628,0.629590
1318.371000,-4.135125,0.615220,-1.240062,-0.423715,-4.087844,0.640647,-3.449529,0.655132
1318.571000,-4.168802,0.628589,-1.229603,-0.425980,-4.121067,0.653249,-3.489037,0.680880
1318.771000,-4.207357,0.643704,-1.230116,-0.429002,-4.190178,0.678995,-3.530102,0.710151
1318.971000,-4.246746,0.659519,-1.217814,-0.435145,-4.224439,0.691808,-3.566068,0.727442
1319.171000,-4.286857,0.676144,-1.203328,-0.433519,-4.259156,0.703621,-3.593930,0.743204
1319.371000,-4.337154,0.696399,-1.191414,-0.423849,-4.292984,0.717073,-3.633430,0.756490
1319.571000,-4.370221,0.709163,-1.177269,-0.414185,-4.327062,0.729305,-3.671459,0.771730
1319.871000,-4.423072,0.730476,-1.137349,-0.409862,-4.394426,0.755361,-3.708422,0.797342
1320.171000,-4.482787,0.755425,-1.116120,-0.401799,-4.463025,0.783000,-3.768036,0.839261
1320.371000,-4.522069,0.772460,-1.106628,-0.401455,-4.497449,0.796401,-3.797965,0.860250
1320.571000,-4.569945,0.792779,-1.100485,-0.390884,-4.531344,0.809275,-3.816034,0.863704
1320.771000,-4.603565,0.806904,-1.084019,-0.384386,-4.566016,0.823202,-3.835396,0.873647
1321.071000,-4.659012,0.830081,-1.076237,-0.373536,-4.631806,0.850207,-5.099288,1.230877
1321.371000,-4.717319,0.855477,-1.022704,-0.381399,-4.698519,0.879631,-5.466561,1.259743
1321.571000,-4.768162,0.882944,-1.007310,-0.384955,-4.730836,0.896494,-5.461230,1.299308
1321.771000,-4.799641,0.902504,-0.992700,-0.389757,-4.763382,0.914694,-5.473361,1.283062
1321.971000,-4.827904,0.924748,-0.911625,-0.355365,-4.792431,0.934608,-5.477171,1.238368
1322.171000,-4.856853,0.954011,-0.874103,-0.405568,-4.847955,0.978222,-5.514745,1.179001
1322.371000,-4.884388,0.981965,-0.869679,-0.390458,-4.876932,1.000833,-5.599288,1.117714
1322.571000,-4.911341,1.012603,-0.881948,-0.358932,-4.904730,1.027293,-5.613537,1.044761
1322.771000,-4.939316,1.061376,-0.861130,-0.364149,-4.930431,1.058608,-5.626329,1.141770
1322.971000,-4.956267,1.094997,-0.859006,-0.341080,-4.948416,1.090314,-5.569607,1.314179
1323.271000,-4.980196,1.142509,-0.850105,-0.339844,-4.980544,1.149353,-5.027403,1.161800
1323.571000,-5.004180,1.185681,-0.817769,-0.433392,-5.019629,1.200789,-5.077964,1.236607
1323.771000,-5.024348,1.214851,-0.798131,-0.426368,-5.044650,1.228787,-5.071027,1.269876
1323.971000,-5.058487,1.253828,-0.779310,-0.413121,-5.069076,1.254620,-5.174212,1.319935
1324.171000,-5.085875,1.276467,-0.772204,-0.386465,-5.095131,1.277957,-5.192664,1.340719
1324.471000,-5.133974,1.312678,-0.763401,-0.380367,-5.142944,1.322750,-5.211883,1.417319
1324.771000,-5.183819,1.340965,-0.733158,-0.342146,-5.192096,1.361536,-5.262568,1.384421
1324.971000,-5.229143,1.362186,-0.705183,-0.355357,-5.219088,1.378359,-5.278536,1.374790
1325.171000,-5.257401,1.375336,-0.698657,-0.391962,-5.246105,1.396796,-5.314253,1.451312
1325.371000,-5.289497,1.388516,-0.660115,-0.339047,-5.277022,1.415519,-5.363938,1.479529
1325.571000,-5.327832,1.404252,-0.585397,-0.301623,-5.342562,1.449186,-5.417042,1.494188
1325.771000,-5.367668,1.423743,-0.609002,-0.230286,-5.375904,1.466588,-5.433065,1.509910
1325.971000,-5.405723,1.446134,-0.614062,-0.246583,-5.406795,1.485902,-5.482427,1.533476
1326.171000,-5.453049,1.478188,-0.594147,-0.243403,-5.437596,1.505858,-5.556805,1.602513
1326.371000,-5.483503,1.500595,-0.604192,-0.228930,-5.468064,1.525222,-5.591432,1.581886
1326.671000,-5.529814,1.536783,-0.589821,-0.205004,-5.528253,1.569749,-5.584400,1.662749
1326.971000,-5.580919,1.579669,-0.563016,-0.188239,-5.588344,1.609099,-5.604884,1.702516
1327.171000,-5.614332,1.608453,-0.555707,-0.179741,-5.619228,1.632903,-5.694689,1.746646
1327.371000,-5.655399,1.643022,-0.549411,-0.169529,-5.649612,1.655908,-5.720537,1.774155
1327.571000,-5.683490,1.667593,-0.544026,-0.154891,-5.678277,1.678966,-5.727477,1.838448
1327.871000,-5.728714,1.708508,-0.519275,-0.140078,-5.736548,1.725930,-5.779265,1.826643
1328.171000,-5.775801,1.751500,-0.492343,-0.109825,-5.792892,1.771843,-5.686634,1.911817
1328.371000,-5.819589,1.790533,-0.469480,-0.087828,-5.822613,1.796115,-5.732662,1.955675
1328.571000,-5.847326,1.814041,-0.424110,-0.128314,-5.849675,1.819161,-5.807812,2.007602
1328.771000,-5.876119,1.837946,-0.408756,-0.131264,-5.878546,1.842909,-5.810873,2.036911
1328.971000,-5.908597,1.864248,-0.381562,-0.130860,-5.936279,1.889393,-5.808685,1.984226
1329.171000,-5.942329,1.891235,-0.367203,-0.130911,-5.965070,1.911566,-5.857887,2.042113
1329.371000,-5.976990,1.917684,-0.348964,-0.132609,-5.993481,1.934991,-5.844936,2.116074
1329.571000,-6.021692,1.952771,-0.334854,-0.144059,-6.023344,1.957474,-6.110419,2.133384
1329.771000,-6.050122,1.975643,-0.329652,-0.194413,-6.051824,1.980968,-6.149005,2.171522
1330.071000,-6.094759,2.013136,-0.303006,-0.204080,-6.107179,2.029430,-6.162895,2.130771
1330.371000,-6.141438,2.057334,-0.277436,-0.213787,-6.162321,2.077524,-6.243058,2.319768
1330.571000,-6.171836,2.088013,-0.265634,-0.200352,-6.188930,2.103886,-6.269598,2.294013
1330.771000,-6.210937,2.125015,-0.250408,-0.191775,-6.218155,2.126539,-6.290966,2.283660
1330.971000,-6.238257,2.149825,-0.238025,-0.180293,-6.246767,2.150287,-6.336448,2.353571
1331.271000,-6.284132,2.189788,-0.214207,-0.171689,-6.303344,2.198135,-6.349877,2.299125
1331.571000,-6.333918,2.232210,-0.185882,-0.171732,-6.360016,2.246266,-6.434653,2.499785
1331.771000,-6.377761,2.268489,-0.170669,-0.174840,-6.389047,2.269398,-6.463738,2.514173
1331.971000,-6.407155,2.290358,-0.155257,-0.170299,-6.418773,2.292418,-6.484904,2.449935
1332.171000,-6.436305,2.310512,-0.139030,-0.170318,-6.446924,2.311495,-6.515674,2.444771
1332.371000,-6.469781,2.333178,-0.149955,-0.166977,-6.504201,2.356716,-6.576763,2.598683
1332.571000,-6.505426,2.358778,-0.132151,-0.169707,-6.532594,2.380312,-6.595363,2.530446
1332.771000,-6.539087,2.385558,-0.116753,-0.169009,-6.561513,2.402887,-6.649256,2.773951
1332.971000,-6.583950,2.420519,-0.126035,-0.138033,-6.591545,2.425334,-6.681219,2.763287
1333.171000,-6.613485,2.443491,-0.142114,-0.177387,-6.620852,2.447536,-6.722589,2.812719
1333.471000,-6.660679,2.477097,-0.114056,-0.165768,-6.681204,2.489596,-6.750270,2.790042
1333.771000,-6.712595,2.511234,-0.092764,-0.167527,-6.739336,2.533390,-6.821317,2.848214
1333.971000,-6.747860,2.533479,-0.079091,-0.172075,-6.769529,2.552850,-6.852795,2.880211
1334.171000,-6.792399,2.562714,-0.075813,-0.192318,-6.797893,2.572410,-6.872033,2.756997
1334.371000,-6.821956,2.583030,-0.054190,-0.193500,-6.827406,2.593700,-6.904939,2.797661
1334.671000,-6.870592,2.619213,-0.035120,-0.210404,-6.883887,2.638864,-6.919406,2.696123
1334.971000,-6.920099,2.660637,-0.006143,-0.208964,-6.940250,2.684313,-6.984424,2.725839
1335.171000,-6.964069,2.700298,-0.000398,-0.200620,-6.965166,2.707191,-7.030257,2.797731
1335.371000,-6.990351,2.726514,0.039611,-0.300445,-6.993201,2.729998,-7.042043,2.786509
1335.571000,-7.016962,2.752159,0.064143,-0.313145,-7.020666,2.753137,-7.068443,2.789140
1335.771000,-7.045792,2.782384,0.092527,-0.293507,-7.076519,2.800494,-7.114921,2.890190
1335.971000,-7.074888,2.813800,0.107474,-0.282552,-7.103835,2.824840,-7.154794,2.989199
1336.171000,-7.104436,2.844715,0.109945,-0.253478,-7.132985,2.847970,-7.172659,2.956326
1336.371000,-7.145471,2.884709,0.119108,-0.236286,-7.160831,2.872411,-7.200750,2.948140
1336.571000,-7.173575,2.909682,0.132956,-0.205712,-7.189256,2.895960,-7.227088,2.952208
1336.871000,-7.216929,2.949456,0.158343,-0.217801,-7.242714,2.945027,-7.270720,3.031301
1337.171000,-7.263541,2.995167,0.185698,-0.211749,-7.296755,2.995393,-7.333495,3.130927
1337.371000,-7.294953,3.025970,0.198596,-0.203166,-7.324968,3.020261,-7.352038,3.072902
1337.571000,-7.335301,3.063287,0.224628,-0.205783,-7.352723,3.045166,-7.390663,3.142124
1337.771000,-7.363443,3.088698,0.240650,-0.199395,-7.379865,3.070388,-7.424564,3.147479
1338.071000,-7.408594,3.130559,0.266977,-0.211484,-7.433831,3.121414,-7.454924,3.161692
1338.371000,-7.454106,3.176167,0.305856,-0.225047,-7.486051,3.171403,-7.501963,3.225949
1338.571000,-7.494521,3.218957,0.320828,-0.221688,-7.511886,3.198316,-7.537705,3.228452
1338.771000,-7.519859,3.245439,0.327848,-0.210699,-7.539104,3.223255,-7.558959,3.269862
1338.971000,-7.546150,3.272132,0.339182,-0.206572,-7.565070,3.249469,-7.608915,3.373890
1339.171000,-7.575059,3.301337,0.385227,-0.218728,-7.617422,3.301073,-7.629692,3.383280
1339.371000,-7.604996,3.331941,0.400607,-0.210371,-7.643932,3.327958,-7.663624,3.370789
1339.571000,-7.635700,3.362007,0.357385,-0.250968,-7.671038,3.353017,-7.697206,3.449249
1339.771000,-7.675722,3.398776,0.369028,-0.251367,-7.697062,3.378171,-7.713629,3.405593
1339.971000,-7.703191,3.424132,0.386233,-0.259644,-7.724692,3.403378,-7.760610,3.490829
1340.271000,-7.745321,3.464917,0.433332,-0.251981,-7.776631,3.456003,-7.791225,3.484863
1340.571000,-7.791990,3.511219,0.462499,-0.249033,-7.829912,3.507751,-7.849275,3.596325
1340.771000,-7.821474,3.540709,0.473240,-0.248339,-7.857249,3.533261,-7.873688,3.587460
1340.971000,-7.860169,3.578251,0.513295,-0.268940,-7.884280,3.558645,-7.901650,3.632318
1341.171000,-7.886898,3.604334,0.526075,-0.274667,-7.910972,3.584442,-7.932816,3.623921
1341.471000,-7.928685,3.644818,0.565605,-0.271013,-7.963543,3.634550,-7.958323,3.664927
1341.771000,-7.972137,3.687592,0.630998,-0.252904,-8.013158,3.682112,-8.022409,3.718546
1341.971000,-8.003827,3.719309,0.599978,-0.250710,-8.032082,3.700783,-8.043531,3.767500
1342.171000,-8.020937,3.736431,0.626749,-0.246887,-8.050135,3.718613,-8.065260,3.775591
1342.371000,-8.035733,3.751372,0.600819,-0.250609,-8.068242,3.736706,-8.080836,3.776584
1342.571000,-8.051091,3.766447,0.644501,-0.253306,-8.099914,3.766779,-8.111267,3.806305
1342.771000,-8.064656,3.779720,0.806924,-0.262769,-8.113199,3.779783,-8.117266,3.847018
1342.971000,-8.076870,3.791438,0.793702,-0.265666,-8.125400,3.790918,-8.124124,3.822104
1343.171000,-8.091282,3.804511,0.894516,-0.260765,-8.134130,3.799196,-8.132715,3.815474
1343.371000,-8.100805,3.813090,0.948359,-0.253572,-8.145125,3.809112,-8.147884,3.809131
1343.671000,-8.117067,3.828234,0.898586,-0.256105,-8.170349,3.836105,-8.162817,3.872206
1343.971000,-8.125384,3.837642,1.013856,-0.309400,-8.178098,3.844691,-8.167082,3.846036
1344.171000,-8.125725,3.838349,0.983090,-0.302688,-8.182549,3.848991,-8.173364,3.899129
1344.371000,-8.125586,3.838473,1.030702,-0.314039,-8.182915,3.853240,-8.172967,3.885638
1344.571000,-8.125507,3.838255,1.104379,-0.343362,-8.182768,3.853305,-8.173164,3.875223
1344.871000,-8.128026,3.842681,1.047089,-0.322694,-8.187775,3.857844,-8.169398,3.873908
1345.171000,-8.134591,3.850263,1.046166,-0.302476,-8.199251,3.864976,-8.178762,3.851999
1345.371000,-8.135527,3.852527,1.044810,-0.289344,-8.204487,3.867150,-8.176615,3.870307
1345.571000,-8.136149,3.854460,1.053669,-0.279529,-8.208702,3.870643,-8.181436,3.891064
1345.771000,-8.136111,3.854447,1.055624,-0.280014,-8.211753,3.873140,-8.183251,3.858995
1345.971000,-8.136095,3.854446,1.044213,-0.269319,-8.214062,3.875798,-8.175799,3.894865
1346.171000,-8.136108,3.854362,1.051618,-0.270565,-8.215729,3.875774,-8.180898,3.889953
1346.371000,-8.138054,3.863663,1.051497,-0.263708,-8.220471,3.895079,-8.186763,3.946879
1346.571000,-8.146681,3.910125,1.059478,-0.265680,-8.224141,3.920556,-8.181682,3.896867
1346.771000,-8.151119,3.943420,1.069512,-0.273159,-8.226582,3.949832,-8.183755,3.958663
1347.071000,-8.154331,4.000882,1.141429,-0.286679,-8.230052,4.020707,-8.198176,4.037826
1347.371000,-8.151754,4.064036,1.195366,-0.298500,-8.231567,4.086502,-8.188752,4.061032
1347.571000,-8.147150,4.102088,1.204600,-0.305396,-8.229633,4.116676,-8.179876,4.114752
1347.771000,-8.139064,4.154199,1.224128,-0.311378,-8.225978,4.151105,-8.188818,4.220464
1347.971000,-8.132833,4.189692,1.259891,-0.312822,-8.220286,4.180581,-8.169415,4.212738
1348.271000,-8.120456,4.247378,1.243950,-0.328226,-8.207666,4.250612,-8.161815,4.253068
1348.571000,-8.105154,4.309059,1.245345,-0.326662,-8.192004,4.318521,-8.143058,4.360705
1348.771000,-8.089702,4.363993,1.205089,-0.354955,-8.182575,4.352607,-8.130634,4.352997
1348.971000,-8.080090,4.397842,1.219374,-0.359774,-8.172893,4.386699,-8.128071,4.434359
1349.171000,-8.070397,4.432440,1.226541,-0.344117,-8.163159,4.422605,-8.113414,4.447595
1349.371000,-8.059104,4.471405,1.242432,-0.349399,-8.143962,4.490746,-8.094800,4.482731
1349.571000,-8.047331,4.512485,1.257802,-0.352909,-8.133843,4.526374,-8.085946,4.515340
1349.771000,-8.036549,4.553205,1.269117,-0.361010,-8.124464,4.562147,-8.070162,4.585812
1349.971000,-8.022208,4.607285,1.255142,-0.372647,-8.115284,4.596639,-8.061812,4.611167
1350.171000,-8.012771,4.643328,1.265445,-0.379211,-8.105771,4.632011,-8.041758,4.647242
1350.471000,-7.997338,4.698182,1.272771,-0.402909,-8.086230,4.701587,-8.033955,4.708188
1350.771000,-7.980654,4.758449,1.315421,-0.405460,-8.066522,4.771398,-8.010902,4.729634
1350.971000,-7.969634,4.799745,1.316933,-0.412180,-8.057130,4.805842,-7.997515,4.814271
1351.171000,-7.956722,4.852277,1.332869,-0.413268,-8.047493,4.841103,-7.993595,4.869672
1351.371000,-7.948097,4.886978,1.345172,-0.423163,-8.036589,4.875739,-7.984923,4.875464
1351.671000,-7.932538,4.943409,1.373369,-0.439114,-8.017099,4.943963,-7.977735,4.913358
1351.971000,-7.915044,5.005790,1.409396,-0.441661,-7.996500,5.013793,-7.951582,4.969743
1352.171000,-7.899140,5.061784,1.421452,-0.431555,-7.986632,5.047744,-7.941164,5.070969
1352.371000,-7.889133,5.097463,1.424265,-0.437815,-7.976078,5.083065,-7.924296,5.142072
1352.571000,-7.878864,5.132580,1.431996,-0.439154,-7.965514,5.117871,-7.910816,5.116331
1352.771000,-7.866785,5.171446,1.426557,-0.455844,-7.943692,5.185823,-7.882048,5.170703
1352.971000,-7.854197,5.212839,1.445511,-0.448883,-7.932498,5.221307,-7.886051,5.198112
1353.171000,-7.842583,5.253165,1.463109,-0.446712,-7.921611,5.257103,-7.862390,5.238718
1353.371000,-7.826705,5.306915,1.481562,-0.454848,-7.910856,5.291498,-7.858560,5.286433
1353.571000,-7.816330,5.342348,1.477196,-0.460117,-7.899744,5.326630,-7.849514,5.335494
1353.871000,-7.799645,5.396068,1.517054,-0.465468,-7.877762,5.395268,-7.830437,5.385620
1354.171000,-7.779176,5.456370,1.536125,-0.465887,-7.853673,5.463951,-7.806599,5.442272
1354.371000,-7.765593,5.494604,1.549655,-0.470465,-7.841238,5.497942,-7.784982,5.534621
1354.571000,-7.747902,5.543937,1.561555,-0.461956,-7.829373,5.532001,-7.775220,5.536911
1354.771000,-7.735406,5.577276,1.575588,-0.463800,-7.818235,5.565708,-7.762736,5.562074
1355.071000,-7.716193,5.632641,1.584877,-0.458596,-7.794626,5.631276,-7.744631,5.628748
1355.371000,-7.700567,5.679912,1.542485,-0.459661,-7.775801,5.685179,-7.735839,5.669693
1355.571000,-7.685626,5.724142,1.548528,-0.467491,-7.769059,5.708868,-7.717804,5.696726
1355.771000,-7.677931,5.745965,1.541380,-0.464792,-7.760630,5.728621,-7.680605,5.708632
1355.971000,-7.665898,5.778297,1.539695,-0.468075,-7.747333,5.759999,-7.676344,5.775152
1356.171000,-7.654355,5.810081,1.573840,-0.463809,-7.723133,5.819857,-7.684140,5.773841
1356.371000,-7.641501,5.845214,1.618463,-0.461580,-7.710738,5.852266,-7.665476,5.828852
1356.571000,-7.625594,5.884904,1.598754,-0.473822,-7.696207,5.886844,-7.641772,5.850662
1356.771000,-7.609033,5.924680,1.577291,-0.499314,-7.688129,5.909154,-7.644475,5.887583
1356.971000,-7.602120,5.940624,1.556268,-0.499611,-7.681982,5.923275,-7.620850,5.942888
1357.271000,-7.580211,5.988468,1.501767,-0.504597,-7.653214,5.984849,-7.597322,5.941816
1357.571000,-7.561552,6.025681,1.541617,-0.500773,-7.632525,6.029443,-7.575135,6.024644
1357.771000,-7.548535,6.052195,1.546240,-0.491321,-7.622768,6.049732,-7.570086,6.059952
1357.971000,-7.536149,6.078071,1.610519,-0.474066,-7.617391,6.061960,-7.555467,6.071915
1358.171000,-7.528791,6.093693,1.609219,-0.497655,-7.610456,6.077902,-7.544422,6.069626
1358.471000,-7.515455,6.123249,1.632818,-0.498670,-7.590083,6.121168,-7.544212,6.117034
1358.771000,-7.497706,6.163692,1.642095,-0.499901,-7.565499,6.174892,-7.509376,6.164664
1358.971000,-7.479072,6.206339,1.654888,-0.499811,-7.557060,6.193231,-7.499023,6.162439
1359.171000,-7.470392,6.226523,1.662691,-0.501751,-7.548748,6.211464,-7.479155,6.215508
1359.371000,-7.461347,6.247806,1.668668,-0.500546,-7.538148,6.235039,-7.468764,6.248874
1359.571000,-7.453976,6.265367,1.683432,-0.501875,-7.519551,6.277159,-7.474983,6.249208
1359.771000,-7.445815,6.285071,1.701633,-0.502441,-7.511244,6.296878,-7.469820,6.262740
1359.971000,-7.437411,6.305169,1.719607,-0.509431,-7.503648,6.314186,-7.459882,6.280265
1360.171000,-7.417707,6.350334,1.747256,-0.511507,-7.489237,6.345456,-7.435647,6.330020
1360.371000,-7.406746,6.374355,1.775930,-0.514147,-7.478261,6.369119,-7.427819,6.384914
1360.671000,-7.390113,6.409257,1.784437,-0.519889,-7.452951,6.420446,-7.406511,6.386692
1360.971000,-7.373121,6.443099,1.809563,-0.521859,-7.432171,6.460205,-7.399077,6.435159
1361.171000,-7.364010,6.460782,1.801134,-0.527957,-7.425304,6.472973,-7.380281,6.446085
1361.371000,-7.351213,6.485436,1.820962,-0.526015,-7.420295,6.482381,-7.371008,6.471449
1361.571000,-7.343395,6.500794,1.820217,-0.528176,-7.413008,6.496012,-7.368303,6.505873
1361.871000,-7.319337,6.550160,1.876235,-0.507227,-7.386668,6.552160,-7.355015,6.522265
1362.171000,-7.301387,6.587636,1.894610,-0.506988,-7.365870,6.592721,-7.311669,6.648654
1362.371000,-7.285179,6.620601,1.956750,-0.496219,-7.357950,6.605371,-7.301830,6.678692
1362.571000,-7.275422,6.639981,1.954022,-0.494224,-7.347946,6.622931,-7.294670,6.633637
1362.771000,-7.264206,6.661631,1.933955,-0.502945,-7.335369,6.645420,-7.269450,6.665290
1362.971000,-7.254579,6.679943,1.939951,-0.479664,-7.311982,6.689986,-7.257414,6.686610
1363.171000,-7.244842,6.699307,1.950013,-0.479327,-7.302471,6.708865,-7.259679,6.750383
1363.371000,-7.235874,6.717816,1.956521,-0.480831,-7.296023,6.721650,-7.240675,6.722677
1363.571000,-7.215365,6.759392,1.952863,-0.481395,-7.283542,6.746224,-7.224609,6.759072
1363.771000,-7.204147,6.781764,1.943497,-0.474025,-7.272331,6.769277,-7.226143,6.784544
1364.071000,-7.185593,6.817922,1.938473,-0.478267,-7.244195,6.819513,-7.200868,6.863774
1364.371000,-7.166614,6.853022,1.988258,-0.475934,-7.220889,6.860597,-7.180644,6.848916
1364.571000,-7.156472,6.871353,1.994265,-0.478246,-7.213345,6.873514,-7.169540,6.925710
1364.771000,-7.142833,6.895726,1.999507,-0.479632,-7.207877,6.882573,-7.169997,6.887814
1364.971000,-7.134090,6.911203,1.988124,-0.491765,-7.199592,6.897723,-7.140431,6.970261
1365.271000,-7.106694,6.959749,2.019725,-0.488954,-7.164430,6.957334,-7.124974,6.937913
1365.571000,-7.087038,6.995877,2.029203,-0.496177,-7.141462,6.997083,-7.091140,7.044761
1365.771000,-7.069951,7.028877,2.057361,-0.494215,-7.134460,7.009728,-7.084867,7.080584
1365.971000,-7.060297,7.048209,2.060404,-0.496401,-7.124932,7.027423,-7.065171,7.092843
1366.171000,-7.052724,7.063526,2.065119,-0.495387,-7.117419,7.042484,-7.065014,7.115558
1366.371000,-7.043344,7.081663,2.070049,-0.501161,-7.094309,7.083954,-7.051619,7.141215
1366.571000,-7.033307,7.100229,2.086018,-0.499984,-7.084153,7.101524,-7.035975,7.165868
1366.771000,-7.015498,7.131891,2.090462,-0.501135,-7.065677,7.132279,-7.016638,7.180205
1366.971000,-6.987166,7.178641,2.097541,-0.503685,-7.049652,7.159526,-6.993877,7.167574
1367.171000,-6.973405,7.201260,2.115864,-0.503077,-7.036096,7.184026,-6.974274,7.248889
1367.471000,-6.952876,7.236338,2.113025,-0.469777,-7.004723,7.233980,-6.960021,7.250048
1367.771000,-6.932662,7.272011,2.152609,-0.474288,-6.981122,7.276214,-6.928514,7.276061
1367.971000,-6.922075,7.290880,2.138803,-0.478045,-6.973340,7.290108,-6.919662,7.292549
1368.171000,-6.908414,7.315252,2.138875,-0.477758,-6.967802,7.298228,-6.909002,7.356095
1368.371000,-6.900323,7.329868,2.048061,-0.459012,-6.960127,7.313460,-6.918099,7.379014
1368.671000,-6.873220,7.376615,2.059256,-0.459127,-6.925160,7.369282,-6.894813,7.364471
1368.971000,-6.850411,7.412163,2.165441,-0.460242,-6.901122,7.405453,-6.847259,7.423784
1369.171000,-6.829124,7.443771,2.215512,-0.445634,-6.892485,7.417773,-6.808584,7.454229
1369.371000,-6.815158,7.463297,2.224047,-0.444962,-6.880061,7.434598,-6.807795,7.493673
1369.571000,-6.804638,7.477477,2.266881,-0.430620,-6.868440,7.449783,-6.804433,7.524922
1369.771000,-6.792218,7.493970,2.336427,-0.402364,-6.838525,7.490011,-6.786915,7.503466
1369.971000,-6.778851,7.511064,2.336189,-0.405588,-6.824904,7.506270,-6.794357,7.515656
1370.171000,-6.755626,7.538975,2.339830,-0.410561,-6.805450,7.529060,-6.744847,7.541712
1370.371000,-6.717529,7.579576,2.361323,-0.412877,-6.779873,7.555853,-6.715872,7.572310
1370.571000,-6.698348,7.597549,2.376311,-0.417071,-6.761101,7.573190,-6.692034,7.590285
1370.871000,-6.667588,7.623830,2.393740,-0.421075,-6.713621,7.612263,-6.666252,7.612400
1371.171000,-6.640833,7.645035,2.448039,-0.459106,-6.674790,7.640939,-6.621723,7.653429
1371.371000,-6.623411,7.657948,2.420263,-0.450013,-6.662096,7.650036,-6.630537,7.661236
1371.571000,-6.599978,7.674639,2.424570,-0.452489,-6.651457,7.656852,-6.600297,7.664765
1371.771000,-6.571707,7.694121,2.402659,-0.469688,-6.620907,7.677335,-6.573956,7.692379
1372.071000,-6.522841,7.726643,2.487901,-0.490752,-6.559842,7.715975,-6.549327,7.712797
1372.371000,-6.487738,7.748638,2.512249,-0.502604,-6.521219,7.740557,-6.469466,7.745256
1372.571000,-6.454372,7.767501,2.500776,-0.524109,-6.507466,7.748018,-6.455858,7.772405
1372.771000,-6.439161,7.775431,2.503053,-0.531813,-6.498334,7.752669,-6.436428,7.767206
1372.971000,-6.423131,7.783384,2.500482,-0.537496,-6.483024,7.759901,-6.410947,7.787136
1373.171000,-6.404311,7.792096,2.471674,-0.551399,-6.438458,7.778840,-6.405212,7.792124
1373.371000,-6.370048,7.806964,2.483912,-0.558787,-6.403912,7.792459,-6.377630,7.796715
1373.571000,-6.331600,7.822577,2.498650,-0.564576,-6.369022,7.805357,-6.321711,7.820317
1373.771000,-6.279490,7.842738,2.514141,-0.569198,-6.335580,7.817379,-6.275828,7.836023
1373.971000,-6.254532,7.851972,2.524126,-0.572462,-6.311199,7.826008,-6.243680,7.837995
1374.271000,-6.217996,7.864899,2.526129,-0.581167,-6.256637,7.843990,-6.235917,7.854736
1374.571000,-6.185490,7.875708,2.545485,-0.591062,-6.211617,7.857668,-6.181066,7.880307
1374.771000,-6.164989,7.882220,2.550762,-0.595822,-6.196614,7.862121,-6.164507,7.886485
1374.971000,-6.138403,7.890388,2.595683,-0.592811,-6.183936,7.864889,-6.136104,7.878664
1375.171000,-6.106443,7.899610,2.593894,-0.594606,-6.155214,7.873918,-6.110260,7.888868
1375.471000,-6.052221,7.912906,2.625543,-0.609240,-6.093858,7.887333,-6.091805,7.897448
1375.771000,-6.013286,7.919294,2.646229,-0.618699,-6.048356,7.894003,-6.011726,7.911184
1375.971000,-5.976193,7.923137,2.634478,-0.636102,-6.033559,7.895294,-5.981714,7.925780
1376.171000,-5.960430,7.924089,2.634151,-0.638617,-6.024709,7.895771,-5.946445,7.915771
1376.371000,-5.943514,7.924705,2.631480,-0.642344,-6.002573,7.896166,-5.930952,7.921191
1376.571000,-5.924106,7.925238,2.671624,-0.649793,-5.953253,7.896561,-5.925076,7.918968
1376.771000,-5.887590,7.926654,2.688257,-0.652470,-5.918038,7.897401,-5.879244,7.918260
1376.971000,-5.846895,7.928819,2.704393,-0.654934,-5.882326,7.898698,-5.834944,7.918379
1377.171000,-5.790558,7.933304,2.733457,-0.659267,-5.846806,7.900425,-5.797989,7.922657
1377.371000,-5.761657,7.936365,2.762540,-0.663167,-5.818225,7.903755,-5.723501,7.927419
1377.671000,-5.725399,7.939915,2.701223,-0.670040,-5.771021,7.904837,-5.712414,7.940313
1377.971000,-5.696258,7.942033,2.714826,-0.678166,-5.724333,7.906733,-5.686614,7.920330
1378.171000,-5.675022,7.943203,2.695650,-0.676253,-5.709028,7.907292,-5.643115,7.932421
1378.371000,-5.627902,7.944878,2.695893,-0.678876,-5.673681,7.908233,-5.609314,7.929317
1378.571000,-5.593209,7.945541,2.714949,-0.675925,-5.644173,7.908712,-5.595502,7.941024
1378.871000,-5.533557,7.944969,2.737203,-0.676496,-5.573352,7.909444,-5.549421,7.934792
1379.171000,-5.492521,7.943557,2.730963,-0.676320,-5.527543,7.910614,-5.494926,7.935476
1379.371000,-5.454217,7.941466,2.745955,-0.683855,-5.503564,7.911401,-5.442817,7.931422
1379.571000,-5.436401,7.940478,2.799574,-0.674230,-5.491025,7.912621,-5.415213,7.918410
1379.771000,-5.419019,7.939835,2.813645,-0.672465,-5.474500,7.913727,-5.401332,7.926553
1379.971000,-5.398022,7.939540,2.884782,-0.653692,-5.425943,7.916397,-5.367359,7.910332
1380.171000,-5.362043,7.939634,2.926115,-0.654890,-5.395770,7.917860,-5.333499,7.937289
1380.371000,-5.321440,7.940500,2.941096,-0.651895,-5.363667,7.919691,-5.302796,7.923112
1380.571000,-5.265280,7.944295,2.959354,-0.647127,-5.326423,7.922115,-5.258065,7.915386
1380.771000,-5.239000,7.947306,3.018775,-0.650980,-5.300713,7.924413,-5.233578,7.934698
1381.071000,-5.201394,7.953119,3.021151,-0.657891,-5.252152,7.928384,-5.213417,7.940710
1381.371000,-5.171591,7.958960,3.044776,-0.651158,-5.204735,7.933830,-5.170551,7.943524
1381.571000,-5.150569,7.963644,3.081170,-0.656235,-5.186978,7.936606,-5.152427,7.948775
1381.771000,-5.104348,7.974689,3.150934,-0.682462,-5.152962,7.943780,-5.098686,7.941024
1381.971000,-5.068586,7.984285,3.177072,-0.685113,-5.119807,7.950296,-5.036333,7.946870
1382.271000,-5.011350,8.000839,3.175823,-0.676353,-5.055439,7.969366,-4.999029,7.950390
1382.571000,-4.971807,8.014215,3.189044,-0.683573,-5.009443,7.980223,-4.955457,7.989961
1382.771000,-4.942821,8.024466,3.144875,-0.673502,-4.993276,7.985187,-4.946040,8.027800
1382.971000,-4.926734,8.030041,3.176022,-0.680293,-4.982563,7.988549,-4.925890,8.013409
1383.171000,-4.910943,8.035388,3.160665,-0.681270,-4.965541,7.993538,-4.904767,8.017443
1383.371000,-4.876787,8.045978,3.169079,-0.688546,-4.903557,8.012862,-4.879676,8.034779
1383.571000,-4.837725,8.057102,3.182401,-0.688160,-4.871544,8.022496,-4.845226,8.045081
1383.771000,-4.796465,8.068099,3.199508,-0.689211,-4.835708,8.031682,-4.792171,8.058614
1383.971000,-4.744297,8.081941,3.193729,-0.680722,-4.801989,8.040673,-4.753621,8.073385
1384.171000,-4.721595,8.087683,3.179216,-0.673195,-4.780139,8.046111,-4.697795,8.067546
1384.471000,-4.691670,8.094740,3.224850,-0.682632,-4.744294,8.054626,-4.683992,8.090874
1384.771000,-4.662233,8.101195,3.232082,-0.670072,-4.698041,8.064822,-4.652389,8.089927
1384.971000,-4.626842,8.108451,3.234766,-0.676764,-4.668015,8.071523,-4.616342,8.097800
1385.171000,-4.576528,8.119080,3.255022,-0.676142,-4.635854,8.077991,-4.586770,8.108435
1385.371000,-4.541459,8.126932,3.237830,-0.668825,-4.603999,8.085463,-4.524527,8.116566
1385.671000,-4.483522,8.139856,3.358372,-0.689339,-4.532281,8.100778,-4.482652,8.134880
1385.971000,-4.441056,8.148902,3.407323,-0.698033,-4.484092,8.110689,-4.423541,8.147198
1386.171000,-4.409942,8.155713,3.414535,-0.690787,-4.467787,8.114120,-4.442995,8.146984
1386.371000,-4.393471,8.159416,3.368196,-0.685836,-4.456375,8.116164,-4.380607,8.149272
1386.571000,-4.376141,8.163516,3.330416,-0.688560,-4.436986,8.119746,-4.356295,8.155150
1386.771000,-4.342073,8.171545,3.306945,-0.679795,-4.371791,8.135317,-4.332699,8.173361
1386.971000,-4.300670,8.181242,3.325526,-0.679227,-4.335229,8.143483,-4.300354,8.179462
1387.171000,-4.259691,8.190582,3.352687,-0.677635,-4.303218,8.150604,-4.262041,8.180532
1387.371000,-4.206987,8.202317,3.368520,-0.677147,-4.266824,8.158461,-4.210631,8.192318
1387.571000,-4.181985,8.207986,3.382197,-0.677038,-4.242331,8.163163,-4.202982,8.190575
1387.871000,-4.151297,8.215872,3.319318,-0.672660,-4.198267,8.172583,-4.162968,8.204565
1388.171000,-4.122436,8.223187,3.283750,-0.660746,-4.152682,8.183730,-4.137388,8.217034
1388.371000,-4.086591,8.232699,3.278481,-0.660045,-4.116977,8.192816,-4.083703,8.216626
1388.571000,-4.034759,8.247231,3.297340,-0.658466,-4.082842,8.201868,-4.019517,8.228618
1388.771000,-4.000437,8.256930,3.310266,-0.658622,-4.048664,8.210993,-4.004518,8.254773
1389.071000,-3.943885,8.273335,3.337287,-0.655067,-3.979239,8.230273,-3.935234,8.252474
1389.371000,-3.910235,8.283000,3.382133,-0.669103,-3.931780,8.243019,-3.910362,8.275820
1389.571000,-3.880402,8.291859,3.341056,-0.666792,-3.916620,8.247226,-3.895582,8.290598
1389.771000,-3.864913,8.296656,3.399068,-0.664174,-3.906888,8.249927,-3.879861,8.293066
1389.971000,-3.832333,8.306737,3.455835,-0.675382,-3.875889,8.259329,-3.873439,8.291126
1390.171000,-3.793494,8.318211,3.490745,-0.682510,-3.812381,8.277621,-3.783342,8.313801
1390.371000,-3.752721,8.329886,3.500832,-0.680814,-3.780125,8.286742,-3.764154,8.328955
1390.571000,-3.712453,8.341112,3.515190,-0.680032,-3.747289,8.295977,-3.719418,8.335986
1390.771000,-3.658862,8.356684,3.607864,-0.697291,-3.714904,8.305917,-3.667599,8.333875
1390.971000,-3.633181,8.364577,3.625218,-0.698564,-3.688142,8.314133,-3.622319,8.347280
1391.271000,-3.604542,8.374377,3.605486,-0.691955,-3.652148,8.325255,-3.624197,8.368964
1391.571000,-3.562456,8.389950,3.610936,-0.688481,-3.596851,8.345685,-3.562885,8.382984
1391.771000,-3.525695,8.403494,3.631436,-0.690520,-3.568681,8.354928,-3.528608,8.398026
1391.971000,-3.487817,8.417072,3.656207,-0.703821,-3.542558,8.363793,-3.506787,8.400350
1392.171000,-3.466019,8.424816,3.663456,-0.702195,-3.520284,8.371482,-3.499061,8.415599
1392.471000,-3.430555,8.437464,3.734515,-0.697392,-3.472076,8.387450,-3.434078,8.433096
1392.771000,-3.412521,8.443722,3.714065,-0.689413,-3.447060,8.398242,-3.414615,8.443215
1392.971000,-3.399214,8.447566,3.707610,-0.689682,-3.437977,8.402328,-3.402039,8.449910
1393.171000,-3.393364,8.449196,3.605412,-0.665001,-3.437693,8.403705,-3.399227,8.448947
1393.371000,-3.380130,8.452680,3.615214,-0.684542,-3.419907,8.408567,-3.387505,8.449293
1393.571000,-3.368841,8.455810,3.579320,-0.668783,-3.393427,8.415233,-3.390436,8.455960
1393.771000,-3.360458,8.457293,3.645915,-0.674055,-3.379291,8.419595,-3.362219,8.447365
1393.971000,-3.334854,8.463097,3.675033,-0.674525,-3.356757,8.426013,-3.330049,8.452762
1394.171000,-3.296329,8.471405,3.758159,-0.717254,-3.334601,8.429788,-3.322919,8.466029
1394.371000,-3.269165,8.475848,3.769045,-0.722025,-3.310074,8.432060,-3.274761,8.476330
1394.671000,-3.220674,8.479845,3.821868,-0.732422,-3.256964,8.434774,-3.223113,8.468226
1394.971000,-3.161857,8.474686,3.846525,-0.733872,-3.195281,8.430649,-3.172379,8.464558
1395.171000,-3.121070,8.463843,3.862522,-0.746154,-3.163040,8.423166,-3.107295,8.463143
1395.371000,-3.072102,8.444162,3.883241,-0.756152,-3.131594,8.412083,-3.135362,8.431327
1395.571000,-3.039103,8.427550,3.900561,-0.773020,-3.098655,8.396524,-3.054162,8.427749
1395.871000,-2.995230,8.400353,3.870246,-0.776299,-3.041196,8.365874,-3.023735,8.401179
1396.171000,-2.948278,8.367100,3.904828,-0.863991,-2.987449,8.326717,-2.945401,8.359944
1396.371000,-2.901378,8.335043,3.949144,-0.964501,-2.956903,8.306386,-2.926805,8.328577
1396.571000,-2.870705,8.315546,3.900933,-0.881319,-2.926955,8.286758,-2.876646,8.320529
1396.771000,-2.840359,8.297704,3.926619,-0.894751,-2.896879,8.267869,-2.888420,8.301999
1396.971000,-2.805079,8.278710,3.944933,-0.889842,-2.836681,8.234280,-2.848430,8.268951
1397.171000,-2.767323,8.258755,3.970523,-0.894072,-2.805648,8.217298,-2.780806,8.257966
1397.371000,-2.729726,8.238968,4.003310,-0.885167,-2.774266,8.199919,-2.722728,8.228461
1397.571000,-2.678776,8.213356,3.994576,-0.871989,-2.744256,8.182691,-2.721143,8.208114
1397.771000,-2.646731,8.196622,4.005764,-0.881558,-2.712814,8.165888,-2.693790,8.195618
1398.071000,-2.596016,8.171400,4.054490,-0.871177,-2.652507,8.133779,-2.654986,8.171992
1398.371000,-2.537444,8.142293,4.071565,-0.884021,-2.589660,8.101031,-2.562560,8.136789
1398.571000,-2.498756,8.123030,4.078423,-0.887215,-2.556298,8.084360,-2.525964,8.110851
1398.771000,-2.450814,8.098932,4.079865,-0.890401,-2.524767,8.068558,-2.477297,8.098979
1398.971000,-2.418794,8.082948,4.092362,-0.897173,-2.493500,8.052418,-2.490860,8.080478
1399.271000,-2.365158,8.056404,4.140016,-0.910773,-2.426862,8.019466,-2.420459,8.055127
1399.571000,-2.307334,8.027362,4.163939,-0.918942,-2.362794,7.986237,-2.313120,8.019052
1399.771000,-2.255580,8.000776,4.175736,-0.919008,-2.329956,7.969513,-2.318425,7.999401
1399.971000,-2.222807,7.983451,4.177487,-0.914126,-2.298088,7.952409,-2.231598,7.984820
1400.171000,-2.190627,7.965940,4.191054,-0.922072,-2.265854,7.935561,-2.225344,7.963180
1400.371000,-2.155718,7.947467,4.251649,-0.895695,-2.203664,7.902703,-2.177623,7.941938
1400.571000,-2.117651,7.927816,4.252942,-0.899035,-2.170408,7.886627,-2.180077,7.919509
1400.771000,-2.078367,7.907962,4.265539,-0.899403,-2.136954,7.869937,-2.144630,7.903717
1400.971000,-2.029127,7.883757,4.267527,-0.902134,-2.104098,7.854816,-2.050527,7.879638
1401.171000,-1.995513,7.867681,4.275892,-0.907575,-2.071937,7.838601,-2.025963,7.862048
1401.471000,-1.580992,6.375474,4.305590,-0.898774,-2.006820,7.806359,-2.041539,7.846798
1401.771000,-1.549234,6.359611,4.361111,-0.856648,-1.975612,7.788705,-1.576313,6.344213
1401.971000,-1.521190,6.346398,4.363886,-0.856306,-1.945310,7.774635,-1.588133,6.343637
1402.171000,-1.475900,6.327889,4.381365,-0.846950,-1.914970,7.762398,-1.584599,6.333289
1402.371000,-1.442327,6.316432,4.394964,-0.840820,-1.884532,7.751946,-1.528353,6.341701
1402.671000,-1.385582,6.303499,4.408299,-0.838508,-1.819098,7.735206,-1.514221,6.355249
1402.971000,-1.322715,6.297007,4.439707,-0.826474,-1.752587,7.725644,-1.475752,6.362808
1403.171000,-1.269195,6.294071,4.445694,-0.820232,-1.717230,7.720747,-1.403099,6.318753
1403.371000,-1.233353,6.292573,4.438896,-0.811112,-1.682269,7.716128,-1.301455,6.298462
1403.571000,-1.196998,6.291880,4.416356,-0.807146,-1.646711,7.712257,-1.247734,6.266972
1403.771000,-1.155814,6.292866,4.429087,-0.792668,-1.572290,7.710334,-1.195443,6.274730
1403.971000,-1.113568,6.296806,4.445659,-0.779997,-1.536269,7.714155,-1.146873,6.264646
1404.171000,-1.074286,6.302696,4.454795,-0.771990,-1.501425,7.718331,-1.089285,6.292265
1404.371000,-1.024865,6.310770,4.473487,-0.717982,-1.466580,7.723661,-1.055580,6.315603
1404.571000,-0.990389,6.315857,4.491824,-0.712209,-1.432241,7.728689,-1.023228,6.318450
1404.871000,-0.933361,6.321816,4.523120,-0.713011,-1.359195,7.736723,-0.999715,6.350435
1405.171000,-0.869261,6.323641,4.543465,-0.711158,-1.286811,7.738350,-0.941220,6.343947
1405.371000,-0.825332,6.323051,4.556642,-0.706654,-1.251483,7.737767,-0.843016,6.333975
1405.571000,-0.772171,6.322403,4.571164,-0.701946,-1.215724,7.736961,-0.805426,6.342325
1405.771000,-0.735870,6.323179,4.582760,-0.720787,-1.180206,7.737103,-0.758565,6.317029
1406.071000,-0.677983,6.326296,4.609752,-0.694139,-1.109046,7.740998,-0.755205,6.369573
1406.371000,-0.616682,6.331181,4.648679,-0.691456,-1.039824,7.743414,-0.636350,6.326532
1406.571000,-0.558516,6.335683,4.660648,-0.699372,-1.004197,7.745119,-0.580733,6.339945
1406.771000,-0.522493,6.338673,4.673908,-0.689920,-0.968646,7.747722,-0.539970,6.335105
1406.971000,-0.486392,6.342553,4.681924,-0.691143,-0.933222,7.750620,-0.544865,6.360202
1407.171000,-0.446065,6.347648,4.708008,-0.681110,-0.862257,7.758403,-0.471240,6.353107
1407.371000,-0.403093,6.353656,4.721414,-0.684114,-0.827133,7.762625,-0.397009,6.348496
1407.571000,-0.362512,6.360753,4.734128,-0.686513,-0.790295,7.768987,-0.368554,6.363905
1407.771000,-0.307424,6.372170,4.739698,-0.666249,-0.752832,7.776133,-0.347670,6.370515
1407.971000,-0.273894,6.380381,4.828965,-0.675027,-0.718268,7.784137,-0.301236,6.381954
1408.271000,-0.217412,6.395716,4.861008,-0.694574,-0.647900,7.800203,-0.246753,6.377860
1408.571000,-0.155788,6.415119,4.875930,-0.703450,-0.576335,7.821394,-0.190446,6.430891
1408.771000,-0.116274,6.428173,4.880663,-0.714473,-0.541246,7.832183,-0.122264,6.426276
1408.971000,-0.066165,6.444710,4.903124,-0.681558,-0.506700,7.843796,-0.097088,6.438796
1409.171000,-0.031546,6.456437,4.914198,-0.695975,-0.471140,7.855451,-0.058515,6.442788
1409.471000,0.023950,6.475714,4.936050,-0.690384,-0.401664,7.877640,-0.012213,6.461339
1409.771000,0.083086,6.495775,4.957187,-0.670638,-0.333406,7.901231,0.067627,6.487010
1409.971000,0.137651,6.514941,4.956809,-0.674031,-0.299222,7.913791,0.065004,6.506643
1410.171000,0.171651,6.527566,4.963879,-0.664103,-0.264612,7.926670,0.169083,6.507669
1410.371000,0.204495,6.539598,4.960051,-0.671030,-0.229987,7.940103,0.171697,6.532215
1410.571000,0.235737,6.552010,5.025534,-0.654076,-0.169941,7.964460,0.212425,6.534982
1410.771000,0.267942,6.566112,5.043046,-0.659114,-0.144986,7.975954,0.274529,6.554163
1410.971000,0.293858,6.577807,5.022455,-0.640105,-0.126397,7.984337,0.234614,6.567483
1411.171000,0.318875,6.589862,5.064433,-0.635531,-0.104961,7.994314,0.323597,6.569950
1411.371000,0.334713,6.597412,5.179763,-0.653113,-0.079554,8.005058,0.311539,6.583609
1411.671000,0.355515,6.608742,5.247361,-0.660316,-0.048486,8.020762,0.343807,6.583961
1411.971000,0.370408,6.617169,5.150681,-0.637442,-0.031369,8.031425,0.346820,6.597853
1412.171000,0.379800,6.622694,5.190614,-0.635876,-0.021062,8.037669,0.370531,6.604566
1412.371000,0.390463,6.628984,5.219057,-0.647300,-0.015840,8.040904,0.394291,6.617973
1412.571000,0.393492,6.630582,5.249692,-0.648205,-0.009114,8.044073,0.370478,6.623986
1412.871000,0.396190,6.625922,5.292963,-0.657333,0.007614,8.049814,0.356055,6.605810
1413.171000,0.397463,6.622874,5.292675,-0.664911,0.022017,8.049131,0.393578,6.599706
1413.371000,0.403050,6.623389,5.324599,-0.691216,0.028736,8.049810,0.386485,6.609463
1413.571000,0.415195,6.624232,5.362402,-0.740489,0.037330,8.048917,0.384531,6.610632
1413.771000,0.429992,6.624094,5.361730,-0.732644,0.045312,8.049612,0.403868,6.602324
1413.971000,0.445905,6.621796,5.364582,-0.727851,0.060599,8.055244,0.445120,6.604617
1414.171000,0.454973,6.620710,5.364138,-0.725086,0.062982,8.060478,0.432582,6.600071
1414.371000,0.455224,6.620579,5.313693,-0.727737,0.069205,8.060759,0.450851,6.598070
1414.571000,0.457503,6.620832,5.312951,-0.694309,0.075418,8.063205,0.394296,6.613862
1414.771000,0.457335,6.620804,5.313895,-0.693058,0.075202,8.063803,0.443777,6.593601
1415.071000,0.457212,6.620882,5.292119,-0.699944,0.076828,8.064940,0.456547,6.604287
1415.371000,0.457120,6.620940,5.265878,-0.703351,0.078321,8.065839,0.410390,6.609005
1415.571000,0.457134,6.620933,5.271420,-0.695262,0.079439,8.065930,0.403738,6.604925
1415.771000,0.474262,6.611376,5.249352,-0.698377,0.093137,8.058126,0.452420,6.598324
1415.971000,0.506270,6.593013,5.258729,-0.695578,0.121799,8.040348,0.495618,6.572160
1416.271000,0.557483,6.561820,5.283703,-0.705418,0.179757,8.007409,0.500481,6.559575
1416.571000,0.591395,6.538607,5.280038,-0.710052,0.217846,7.982574,0.570107,6.522061
1416.771000,0.620347,6.516679,5.284126,-0.710545,0.228958,7.974402,0.599024,6.514449
1416.971000,0.636801,6.503504,5.289246,-0.714799,0.244199,7.962736,0.611386,6.496702
1417.171000,0.662701,6.481639,5.300751,-0.715570,0.271744,7.940354,0.649968,6.455608
1417.371000,0.694096,6.454834,5.328440,-0.724002,0.323663,7.897124,0.671180,6.439802
1417.571000,0.727747,6.426609,5.337873,-0.727660,0.352419,7.873922,0.689168,6.425816
1417.771000,0.761701,6.398836,5.380484,-0.727802,0.381544,7.850830,0.737743,6.385057
1417.971000,0.805449,6.363929,5.484953,-0.730660,0.409426,7.828597,0.863209,6.335046
1418.171000,0.826583,6.348086,5.497960,-0.764196,0.430163,7.812963,0.882840,6.311441
1418.471000,0.859604,6.324169,5.509708,-0.764525,0.474556,7.780703,0.861014,6.303039
1418.771000,0.899244,6.294879,5.513728,-0.750492,0.524712,7.741442,0.866937,6.267160
1418.971000,0.934540,6.268876,5.528933,-0.753226,0.552611,7.721785,0.849959,6.257994
1419.171000,0.977326,6.236656,5.561624,-0.747851,0.579951,7.700592,0.943664,6.224075
1419.371000,1.007063,6.214922,5.592497,-0.748636,0.607200,7.681321,0.993969,6.183270
1419.671000,1.055438,6.180571,5.634425,-0.750203,0.661448,7.640981,1.007441,6.178618
1419.971000,1.089121,6.156931,5.704988,-0.716453,0.703483,7.615360,1.075662,6.131692
1420.171000,1.119324,6.135175,5.706163,-0.715294,0.715573,7.607147,1.149284,6.113991
1420.371000,1.148382,6.114045,5.702318,-0.713546,0.746087,7.585497,1.183020,6.082500
1420.571000,1.177341,6.092994,5.712910,-0.712157,0.774389,7.564968,1.234250,6.046506
1420.771000,1.210868,6.068242,5.744861,-0.718913,0.831713,7.522740,1.244605,6.026062
1420.971000,1.244807,6.042635,5.778682,-0.720915,0.860592,7.500197,1.175166,6.032544
1421.171000,1.279585,6.017407,5.841970,-0.720211,0.889565,7.478632,1.284533,5.988987
1421.371000,1.325289,5.986651,5.854200,-0.725407,0.918987,7.458990,1.302666,5.962139
1421.571000,1.356318,5.967099,5.876893,-0.723991,0.949029,7.439019,1.316670,5.944860
1421.871000,1.394820,5.944707,5.907954,-0.721200,1.003925,7.404175,1.333442,5.931266
1422.171000,1.450184,5.913993,5.948059,-0.729612,1.066303,7.366424,1.340872,5.906016
1422.371000,1.487346,5.892481,5.955522,-0.727277,1.099980,7.347551,1.519094,5.850291
1422.571000,1.533625,5.863729,5.965038,-0.714563,1.130220,7.325705,1.481263,5.849735
1422.771000,1.563367,5.844479,5.974257,-0.714555,1.158007,7.304720,1.522026,5.817212
1423.071000,1.613696,5.809727,6.000958,-0.724157,1.214401,7.263575,1.572094,5.799453
1423.371000,1.647238,5.785334,6.047730,-0.702938,1.252521,7.236322,1.671820,5.747518
1423.571000,1.677109,5.763290,6.051725,-0.700524,1.263986,7.227983,1.645419,5.733973
1423.771000,1.704606,5.742820,6.050211,-0.699657,1.290932,7.208149,1.686828,5.721781
1423.971000,1.733621,5.721396,6.059602,-0.697910,1.319382,7.187002,1.755640,5.686614
1424.171000,1.766933,5.696911,6.060618,-0.687950,1.375158,7.146430,1.811381,5.652982
1424.371000,1.801086,5.671261,6.064875,-0.691991,1.400866,7.127602,1.808432,5.640571
1424.571000,1.835903,5.644609,6.077156,-0.691142,1.428346,7.106967,1.784283,5.630148
1424.771000,1.881204,5.609595,6.113314,-0.690232,1.455687,7.085338,1.737902,5.604365
1424.971000,1.902542,5.593312,6.142004,-0.689674,1.481670,7.064714,1.858291,5.566151
1425.271000,1.935289,5.568742,6.156521,-0.710706,1.529189,7.026159,1.890151,5.547330
1425.571000,1.987232,5.530602,6.174105,-0.709663,1.583706,6.985148,1.951196,5.504954
1425.771000,2.021105,5.503044,6.191061,-0.713658,1.609564,6.963273,1.940705,5.468413
1425.971000,2.062059,5.467920,6.203606,-0.706671,1.635576,6.943290,2.009789,5.436229
1426.171000,2.090244,5.443151,6.214887,-0.695764,1.662506,6.922738,2.043511,5.412181
1426.471000,2.136742,5.403603,6.259774,-0.703941,1.718599,6.874717,2.063958,5.392780
1426.771000,2.170455,5.377252,6.287414,-0.701070,1.758354,6.842367,2.235049,5.350812
1426.971000,2.212282,5.344613,6.291405,-0.700899,1.784790,6.820364,2.202560,5.310720
1427.171000,2.241230,5.321609,6.302547,-0.700106,1.814338,6.797242,2.254958,5.291221
1427.371000,2.269988,5.297699,6.354069,-0.675321,1.840502,6.775697,2.310575,5.252131
1427.571000,2.303193,5.272129,6.364493,-0.655715,1.894811,6.735495,2.187746,5.262824
1427.771000,2.338354,5.247159,6.367179,-0.651485,1.924224,6.714069,2.297541,5.218557
1427.971000,2.373201,5.224060,6.362975,-0.699431,1.953768,6.693781,2.285896,5.187877
1428.171000,2.420629,5.194841,6.446201,-0.663887,1.982811,6.672423,2.280970,5.201639
1428.371000,2.443477,5.181622,6.467006,-0.669404,2.005128,6.655088,2.275730,5.179399
1428.671000,2.477595,5.161779,6.453211,-0.662146,2.056810,6.626539,2.102377,5.192120
1428.971000,2.534750,5.129231,6.442099,-0.651356,2.118087,6.587147,2.352170,5.127685
1429.171000,2.570960,5.110008,6.435197,-0.669509,2.145622,6.567506,2.335438,5.130578
1429.371000,2.615406,5.087308,6.445516,-0.676741,2.174511,6.546959,2.537327,5.067311
1429.571000,2.647368,5.069660,6.473262,-0.676013,2.206237,6.525332,2.585386,5.056154
1429.871000,2.695904,5.037963,6.544285,-0.670266,2.264086,6.480944,2.652670,5.030777
1430.171000,2.728258,5.011211,6.580313,-0.713519,2.301420,6.450015,2.683461,4.970692
1430.371000,2.762939,4.978350,6.577838,-0.712239,2.318555,6.433757,2.651641,4.970589
1430.571000,2.789495,4.954195,6.589898,-0.709604,2.339285,6.413951,2.668927,4.961703
1430.771000,2.818410,4.930802,6.595735,-0.706493,2.369608,6.390595,2.748027,4.942114
1430.971000,2.851262,4.906288,6.566248,-0.738863,2.426676,6.348312,2.798558,4.924988
1431.171000,2.886225,4.882028,6.573148,-0.738465,2.453457,6.328569,2.831600,4.924532
1431.371000,2.922321,4.857024,6.590401,-0.746741,2.482415,6.307445,2.859573,4.901963
1431.571000,2.966791,4.823454,6.602239,-0.760109,2.509388,6.286211,2.892151,4.882680
1431.771000,2.987438,4.806804,6.623615,-0.761274,2.529660,6.269787,2.923122,4.855273
1432.071000,3.029414,4.771121,6.640854,-0.751881,2.584578,6.223927,2.963704,4.822793
1432.371000,3.078179,4.728855,6.677277,-0.739652,2.638680,6.177318,3.024515,4.754192
1432.571000,3.110455,4.700700,6.688050,-0.739536,2.666241,6.155492,3.060142,4.719572
1432.771000,3.150425,4.665897,6.699104,-0.746434,2.693347,6.132906,3.100504,4.692050
1432.971000,3.178995,4.641954,6.720131,-0.749296,2.720721,6.111799,3.134590,4.667163
1433.271000,3.225292,4.602226,6.780170,-0.725157,2.775478,6.065661,3.160834,4.642313
1433.571000,3.264280,4.567993,6.806771,-0.732956,2.822787,6.023778,3.211732,4.586746
1433.771000,3.309443,4.529337,6.819057,-0.733470,2.851183,5.999435,3.247481,4.552471
1433.971000,3.337279,4.506127,6.831984,-0.736048,2.879732,5.975638,3.273182,4.524091
1434.171000,3.365969,4.482813,6.855661,-0.749976,2.907779,5.952626,3.310144,4.488370
1434.371000,3.398235,4.456667,6.911354,-0.750541,2.964066,5.907268,3.344325,4.459988
1434.571000,3.431376,4.430150,6.935676,-0.753598,2.991040,5.884651,3.379153,4.431838
1434.771000,3.465835,4.402950,6.948075,-0.760175,3.019245,5.861661,3.407450,4.408515
1434.971000,3.511274,4.368033,6.964422,-0.757012,3.048634,5.838124,3.439939,4.388603
1435.171000,3.532242,4.351956,6.978906,-0.762436,3.069010,5.822381,3.471630,4.373627
1435.471000,3.577116,4.317273,7.000027,-0.766469,3.123404,5.779011,3.494166,4.348743
1435.771000,3.628779,4.278429,7.017475,-0.772459,3.178114,5.734840,3.569243,4.299357
1435.971000,3.663996,4.252607,7.027856,-0.776742,3.206615,5.714101,3.610835,4.275995
1436.171000,3.707014,4.221231,7.025717,-0.745289,3.235236,5.692074,3.646209,4.257283
1436.371000,3.735764,4.199707,7.043783,-0.742390,3.263738,5.669998,3.674975,4.231519
1436.671000,3.783670,4.162621,7.080851,-0.754673,3.319511,5.624531,3.701022,4.213638
1436.971000,3.825500,4.128849,7.108970,-0.720116,3.369280,5.585179,3.748911,4.172769
1437.171000,3.871160,4.092424,7.109361,-0.702110,3.396671,5.564387,3.787150,4.147866
1437.371000,3.899542,4.069570,7.120466,-0.704506,3.425268,5.542390,3.819127,4.121377
1437.571000,3.927684,4.046458,7.180300,-0.706651,3.452331,5.520989,3.854740,4.090509
1437.771000,3.958967,4.021615,7.203183,-0.676022,3.507201,5.477347,3.878307,4.058662
1437.971000,3.992701,3.995477,7.214528,-0.684783,3.535093,5.456596,3.925243,4.035750
1438.171000,4.026932,3.969814,7.226309,-0.679305,3.563342,5.435512,3.962422,4.018807
1438.371000,4.073215,3.936712,7.232530,-0.679074,3.593278,5.413872,3.999073,4.000192
1438.571000,4.102974,3.914990,7.241397,-0.719826,3.623607,5.391267,4.040777,3.975786
1438.871000,4.149045,3.880454,7.275669,-0.707511,3.681360,5.347583,4.074116,3.953553
1439.171000,4.199835,3.841270,7.294837,-0.710595,3.736714,5.302796,4.138329,3.903065
1439.371000,4.232428,3.813568,7.307742,-0.706689,3.764941,5.280797,4.164934,3.877036
1439.571000,4.268007,3.782738,7.317561,-0.698132,3.788692,5.259847,4.190044,3.841556
1439.771000,4.288813,3.765145,7.342481,-0.685247,3.810455,5.241752,4.212379,3.829722
1440.071000,4.317723,3.741253,7.464666,-0.674640,3.848045,5.210707,4.224558,3.810746
1440.371000,4.338304,3.724443,7.504937,-0.674898,3.877920,5.186149,4.251436,3.781060
1440.571000,4.362002,3.705068,7.581458,-0.673433,3.896349,5.171245,4.264780,3.761485
1440.771000,4.376853,3.693656,7.597977,-0.663847,3.912469,5.158746,4.280185,3.755973
1440.971000,4.391656,3.683610,7.653658,-0.644456,3.930841,5.146418,4.298634,3.743589
1441.171000,4.405327,3.674922,7.744930,-0.618863,3.958417,5.127997,4.316117,3.736366
1441.371000,4.418140,3.667219,7.796116,-0.633659,3.970273,5.119580,4.333726,3.731732
1441.571000,4.431065,3.659794,7.863674,-0.646337,3.978795,5.113504,4.343436,3.730493
1441.771000,4.444085,3.652382,7.906808,-0.602542,3.987354,5.107482,4.353747,3.733142
1441.971000,4.451207,3.648170,7.919244,-0.591012,3.997691,5.103213,4.362864,3.730549
1442.271000,4.463032,3.641041,7.884556,-0.585349,4.014081,5.090959,4.362280,3.721069
1442.571000,4.472334,3.635054,7.904494,-0.603503,4.031021,5.078308,4.374674,3.718102
1442.771000,4.477107,3.631928,7.930658,-0.610091,4.035449,5.073381,4.379528,3.716359
1442.971000,4.477433,3.631753,7.950103,-0.609144,4.040075,5.068597,4.382354,3.710359
1443.171000,4.477517,3.631762,7.961229,-0.622580,4.042873,5.066803,4.383611,3.701952
1443.471000,4.477386,3.631884,7.942584,-0.628278,4.042898,5.065994,4.375469,3.705453
1443.771000,4.477335,3.631970,7.963982,-0.623602,4.043895,5.065630,4.380187,3.709329
1443.971000,4.477265,3.632029,7.957791,-0.616093,4.043923,5.065620,4.388560,3.708379
1444.171000,4.481677,3.625665,7.959900,-0.609991,4.045331,5.065154,4.395656,3.703381
1444.371000,4.496865,3.603680,7.963729,-0.599251,4.058332,5.045793,4.409797,3.677409
1444.571000,4.514736,3.576109,7.804089,-0.616418,4.083682,5.001766,4.428965,3.656234
1444.771000,4.532138,3.545860,7.818690,-0.623519,4.096839,4.974073,4.454079,3.637778
1444.971000,4.549280,3.509071,7.840003,-0.634048,4.107411,4.945398,4.471190,3.601377
1445.171000,4.564996,3.458691,7.857131,-0.643804,4.118431,4.912848,4.482156,3.567848
1445.371000,4.570966,3.425603,7.839103,-0.645573,4.125370,4.882581,4.492012,3.534007
1445.671000,4.575853,3.368164,7.847042,-0.658123,4.131668,4.811284,4.489250,3.489934
1445.971000,4.575136,3.310031,7.852527,-0.671699,4.129715,4.747642,4.499290,3.413553
1446.171000,4.572154,3.268581,7.869804,-0.679862,4.126361,4.712437,4.487292,3.368263
1446.371000,4.567479,3.218175,7.869112,-0.672375,4.122627,4.678489,4.484314,3.328385
1446.571000,4.564496,3.182362,7.875208,-0.678134,4.118715,4.641769,4.478593,3.304417
1446.871000,4.560676,3.122943,7.905866,-0.688276,4.112814,4.571154,4.496302,3.306644
1447.171000,4.558202,3.060781,7.925416,-0.686052,4.108847,4.500763,4.133484,3.079416
1447.371000,4.555431,3.004607,7.935374,-0.690281,4.106529,4.465545,4.033818,3.349033
1447.571000,4.554022,2.973098,7.944702,-0.693289,4.105778,4.430384,4.116952,3.248626
1447.771000,4.553755,2.941122,7.958141,-0.693658,4.106088,4.395010,4.086124,3.250030
1447.971000,4.555610,2.904775,7.983866,-0.689860,4.109903,4.325034,4.137533,3.187671
1448.171000,4.561356,2.865261,8.001334,-0.687034,4.114202,4.290533,4.158573,3.105377
1448.371000,4.572397,2.824101,8.015005,-0.682068,4.123491,4.256927,4.207694,3.030669
1448.571000,4.590366,2.776855,8.022785,-0.657415,4.130685,4.224745,4.264379,2.964637
1448.771000,4.601229,2.747740,8.032069,-0.651129,4.136257,4.192646,4.302299,2.901857
1449.071000,4.620763,2.702543,8.068200,-0.626393,4.154212,4.125829,4.265230,2.919164
1449.371000,4.646795,2.653299,8.053081,-0.702746,4.184085,4.055535,4.719793,2.414323
1449.571000,4.665012,2.623069,8.111378,-0.636366,4.199690,4.020857,4.809511,2.312977
1449.771000,4.686236,2.584000,8.117200,-0.663991,4.213935,3.987735,4.788233,2.330228
1449.971000,4.698321,2.552805,8.135518,-0.709689,4.227289,3.953253,4.779589,2.331014
1450.271000,4.709283,2.495678,8.174393,-0.638383,4.242399,3.883526,4.780291,2.296787
1450.571000,4.706562,2.432901,8.161885,-0.616176,4.244679,3.820692,4.893934,2.093089
1450.771000,4.696549,2.384065,8.164708,-0.596458,4.241509,3.790359,4.861248,2.090518
1450.971000,4.687064,2.356801,8.183929,-0.627139,4.235563,3.760288,4.819657,2.096534
1451.171000,4.675469,2.328539,8.213664,-0.678878,4.225337,3.730068,4.677313,2.178821
1451.371000,4.663222,2.300544,8.262638,-0.738138,4.202297,3.668629,4.615371,2.201992
1451.571000,4.649030,2.268451,8.259953,-0.688062,4.190431,3.640181,4.828034,1.962844
1451.771000,4.636224,2.235405,8.257181,-0.723809,4.177211,3.607134,4.719652,2.021157
1451.971000,4.620724,2.183068,8.244794,-0.679568,4.166762,3.575162,4.734284,1.958165
1452.171000,4.613229,2.148914,8.256738,-0.681359,4.158830,3.542871,4.515421,2.112477
1452.471000,4.602015,2.092115,8.303860,-0.663277,4.144579,3.473276,4.550055,2.022739
1452.771000,4.592178,2.031244,8.324548,-0.688201,4.130476,3.407556,4.466883,2.014808
1452.971000,4.586507,1.990771,8.335366,-0.688267,4.123654,3.373893,4.505639,1.927348
1453.171000,4.581342,1.940050,8.341095,-0.686560,4.117654,3.340744,4.482883,1.919629
1453.371000,4.579041,1.904225,8.355048,-0.690178,4.112435,3.307518,4.483271,1.873725
1453.671000,4.576420,1.844141,8.389064,-0.688199,4.103555,3.238646,4.485637,1.815874
1453.971000,4.573609,1.781994,8.431726,-0.671392,4.094308,3.169627,4.516150,1.711356
1454.171000,4.572685,1.725264,8.434760,-0.674582,4.090256,3.133910,4.518233,1.655262
1454.371000,4.573215,1.689786,8.420753,-0.674725,4.087481,3.099455,4.482912,1.657414
1454.571000,4.573692,1.655532,8.434797,-0.650366,4.084754,3.065171,4.504052,1.609412
1454.771000,4.573702,1.615022,8.483617,-0.657479,4.078893,2.991587,4.446516,1.596630
1454.971000,4.573756,1.571104,8.480179,-0.652759,4.076219,2.955900,4.479957,1.522712
1455.171000,4.574369,1.529829,8.487882,-0.653965,4.073837,2.920566,4.493767,1.483746
1455.371000,4.576265,1.477077,8.497295,-0.653313,4.072306,2.885284,4.476737,1.442275
1455.571000,4.577220,1.440517,8.510765,-0.660702,4.071182,2.848360,4.495317,1.392405
1455.871000,4.577924,1.384540,8.536131,-0.639689,4.067184,2.775824,4.598599,1.249364
1456.171000,4.576697,1.321266,8.572070,-0.646878,4.061071,2.704771,4.480210,1.285240
1456.371000,4.574223,1.276479,8.585729,-0.644156,4.059008,2.669159,4.516412,1.209187
1456.571000,4.571208,1.221971,8.596977,-0.631347,4.058303,2.630994,4.467620,1.200219
1456.771000,4.569659,1.185111,8.670193,-0.623805,4.057375,2.593780,4.554541,1.083860
1457.071000,4.568792,1.128245,8.692902,-0.615139,4.056924,2.522246,4.500273,1.088644
1457.371000,4.568906,1.065328,8.718371,-0.615167,4.053246,2.450733,4.413850,1.078930
1457.571000,4.569170,1.007175,8.731586,-0.614326,4.052422,2.414948,4.546255,0.924577
1457.771000,4.570192,0.973411,8.743524,-0.606311,4.052089,2.380079,4.464886,0.953374
1457.971000,4.571302,0.938978,8.763874,-0.609859,4.050508,2.344603,4.504443,0.882190
1458.171000,4.572070,0.900372,8.788155,-0.619588,4.044624,2.271589,4.431000,0.902706
1458.371000,4.571150,0.858040,8.928589,-0.613792,4.041165,2.235939,4.449320,0.859267
1458.571000,4.568648,0.815425,8.940210,-0.605097,4.039148,2.200397,4.434424,0.810145
1458.771000,4.565102,0.760616,8.953784,-0.598717,4.038520,2.164854,4.375383,0.836853
1458.971000,4.563299,0.724903,8.942622,-0.593102,4.037764,2.127553,4.389915,0.771485
1459.271000,4.562152,0.667162,8.953814,-0.587742,4.038718,2.055736,4.420638,0.693912
1459.571000,4.564767,0.603858,8.979968,-0.593881,4.038612,1.985577,4.416799,0.621015
1459.771000,4.567557,0.561396,9.002708,-0.600612,4.037376,1.950027,4.346489,0.644230
1459.971000,4.570414,0.507732,9.015707,-0.609307,4.036756,1.913976,4.390951,0.567870
1460.171000,4.572275,0.472800,9.024863,-0.606022,4.036488,1.878002,4.406023,0.511553
1460.471000,4.575523,0.414610,9.056788,-0.610973,4.035036,1.807068,4.492784,0.386397
1460.771000,4.577338,0.352012,9.101971,-0.618648,4.033396,1.736164,4.525697,0.264230
1460.971000,4.578254,0.296841,9.128095,-0.620938,4.032306,1.701393,4.472449,0.306388
1461.171000,4.578761,0.260736,9.151191,-0.616552,4.032311,1.665966,4.460729,0.270047
1461.371000,4.579939,0.223491,9.162447,-0.612409,4.033486,1.627724,4.437864,0.246054
1461.571000,4.581987,0.183934,9.260030,-0.619259,4.035204,1.558514,4.531026,0.121577
1461.771000,4.585409,0.140361,9.275421,-0.614096,4.036145,1.522667,4.565108,0.035336
1461.971000,4.589453,0.099755,9.281479,-0.622942,4.035837,1.486913,4.537127,0.050891
1462.171000,4.594423,0.046282,9.293418,-0.635747,4.035285,1.450959,4.527904,0.020897
1462.371000,4.596408,0.009615,9.305780,-0.629717,4.035168,1.414436,4.573055,-0.073546
1462.671000,4.597520,-0.048277,9.328499,-0.627367,4.033461,1.342189,4.536104,-0.099631
1462.971000,4.595436,-0.111937,9.356758,-0.629183,4.032356,1.270676,4.538616,-0.173776
1463.171000,4.593247,-0.153757,9.369561,-0.624006,4.033044,1.234692,4.549337,-0.223437
1463.371000,4.591365,-0.205112,9.382628,-0.633634,4.033785,1.200563,4.519655,-0.251273
1463.571000,4.591087,-0.241385,9.401273,-0.642018,4.035285,1.164866,4.543887,-0.291171
1463.871000,4.592803,-0.301204,9.466162,-0.627544,4.039696,1.092865,4.541034,-0.321877
1464.171000,4.595836,-0.364268,9.493328,-0.638710,4.038985,1.021277,4.568809,-0.437396
1464.371000,4.596886,-0.421828,9.505137,-0.646317,4.037661,0.985611,4.549380,-0.450196
1464.571000,4.596854,-0.456743,9.520956,-0.644498,4.037583,0.949920,4.561966,-0.517923
1464.771000,4.597119,-0.493003,9.534221,-0.639052,4.039006,0.913368,4.545026,-0.548988
1464.971000,4.597871,-0.533657,9.558000,-0.636273,4.040875,0.843937,4.556937,-0.574830
1465.171000,4.598896,-0.574140,9.576402,-0.636093,4.041641,0.810334,4.561766,-0.614247
1465.371000,4.600112,-0.615670,9.597246,-0.638322,4.042150,0.773047,4.544335,-0.671464
1465.571000,4.601948,-0.671102,9.608791,-0.636458,4.042848,0.736879,4.568530,-0.726031
1465.771000,4.603787,-0.706148,9.612820,-0.634564,4.044586,0.701173,4.561174,-0.779133
1466.071000,4.608690,-0.764039,9.637768,-0.636544,4.047628,0.627567,4.571311,-0.780163
1466.371000,4.615850,-0.826124,9.708545,-0.643316,4.050400,0.558531,4.558323,-0.854579
1466.571000,4.622151,-0.868591,9.719390,-0.641425,4.052638,0.521548,4.559609,-0.914761
1466.771000,4.632242,-0.921499,9.734983,-0.642127,4.055720,0.486467,4.583597,-0.937062
1466.971000,4.639874,-0.956893,9.757535,-0.654253,4.060414,0.451766,4.574843,-0.966780
1467.271000,4.652735,-1.015883,9.800514,-0.610395,4.070896,0.378568,4.589128,-1.032586
1467.571000,4.665728,-1.078335,9.825144,-0.617533,4.081134,0.307259,4.615000,-1.111337
1467.771000,4.675875,-1.132261,9.840266,-0.622190,4.085301,0.271073,4.604035,-1.162925
1467.971000,4.681851,-1.168592,9.841937,-0.625993,4.089407,0.234138,4.611721,-1.193455
1468.171000,4.687133,-1.203564,9.858107,-0.631842,4.094054,0.198586,4.617552,-1.229816
1468.371000,4.693265,-1.243738,9.877258,-0.626344,4.104001,0.126816,4.624964,-1.284436
1468.571000,4.699933,-1.286032,9.885803,-0.625590,4.108830,0.090330,4.651701,-1.289511
1468.771000,4.706513,-1.328368,9.895827,-0.621660,4.113011,0.054533,4.668148,-1.350158
1468.971000,4.713429,-1.381644,9.909319,-0.621040,4.116569,0.017171,4.644917,-1.390607
1469.171000,4.716603,-1.417815,9.914361,-0.621232,4.119740,-0.018791,4.651970,-1.402346
1469.471000,4.721025,-1.475140,9.936606,-0.612775,4.124162,-0.089908,4.659618,-1.472189
1469.771000,4.726852,-1.537398,9.960634,-0.626091,4.129930,-0.163198,4.671740,-1.543080
1469.971000,4.730851,-1.579952,9.969404,-0.624489,4.132795,-0.198519,4.680863,-1.591155
1470.171000,4.735470,-1.631161,9.983050,-0.625774,4.135625,-0.235751,4.683698,-1.639734
1470.371000,4.738625,-1.666976,9.993605,-0.629877,4.138321,-0.272170,4.678826,-1.660798
1470.671000,4.745192,-1.725535,10.007369,-0.629552,4.145327,-0.343697,4.690793,-1.719998
1470.971000,4.754706,-1.788716,10.018663,-0.624041,4.154871,-0.414648,4.716765,-1.798283
1471.171000,4.762648,-1.844101,10.011667,-0.634479,4.159329,-0.450156,4.745413,-1.815616
1471.371000,4.767383,-1.880031,10.028725,-0.631199,4.163799,-0.487203,4.742509,-1.861351
1471.571000,4.771850,-1.916290,10.044882,-0.631172,4.167824,-0.523748,4.756095,-1.896370
1471.771000,4.776213,-1.954388,10.055840,-0.631078,4.175008,-0.595003,4.741671,-1.952513
1471.971000,4.780961,-1.996880,10.061052,-0.627862,4.178642,-0.632315,4.763092,-1.979514
1472.171000,4.786524,-2.039338,10.029155,-0.619531,4.183017,-0.668012,4.756723,-2.045158
1472.371000,4.794291,-2.094793,10.041642,-0.615342,4.187445,-0.704260,4.754434,-2.079173
1472.571000,4.799876,-2.130361,10.048600,-0.619033,4.192510,-0.741843,4.752069,-2.121821
1472.871000,4.810482,-2.188042,10.094580,-0.613629,4.204026,-0.813872,4.782715,-2.143647
1473.171000,4.823553,-2.249008,10.121723,-0.607130,4.219217,-0.884720,4.801149,-2.239239
1473.371000,4.832330,-2.292481,10.139597,-0.597605,4.225236,-0.920777,4.802932,-2.277753
1473.571000,4.843295,-2.345156,10.151178,-0.597840,4.232343,-0.957550,4.827753,-2.292147
1473.771000,4.851711,-2.380625,10.182084,-0.591022,4.240457,-0.993061,4.816897,-2.359095
1474.071000,4.866123,-2.440386,10.213960,-0.581023,4.256046,-1.064638,4.838556,-2.388948
1474.371000,4.883071,-2.501080,10.246023,-0.576803,4.272521,-1.134721,4.854461,-2.483130
1474.571000,4.899675,-2.553909,10.271492,-0.586916,4.280113,-1.170375,4.864928,-2.532808
1474.771000,4.910039,-2.583748,10.285282,-0.585463,4.288795,-1.202799,4.876011,-2.561266
1474.971000,4.919827,-2.610064,10.305188,-0.585290,4.297501,-1.233085,4.904929,-2.554743
1475.171000,4.930903,-2.638567,10.361172,-0.598846,4.315330,-1.289255,4.936291,-2.591049
1475.371000,4.941942,-2.667704,10.356383,-0.583746,4.323704,-1.312001,4.915524,-2.648771
1475.571000,4.950594,-2.690871,10.404763,-0.591076,4.330079,-1.328580,4.927951,-2.678563
1475.771000,4.958654,-2.711987,10.386779,-0.601206,4.335297,-1.341791,4.919226,-2.686664
1475.971000,4.964932,-2.727813,10.399245,-0.572981,4.341779,-1.358754,4.949025,-2.702596
1476.271000,4.973205,-2.746954,10.352723,-0.544756,4.352639,-1.384622,4.949740,-2.704369
1476.571000,4.983049,-2.767469,10.318638,-0.523669,4.363281,-1.409845,4.932370,-2.764148
1476.771000,4.989697,-2.780494,10.255977,-0.509339,4.370223,-1.423262,4.964556,-2.750217
1476.971000,4.997341,-2.793893,10.246158,-0.500104,4.376054,-1.435245,4.984721,-2.772379
1477.171000,4.999648,-2.799213,10.275310,-0.492654,4.382308,-1.447023,4.983123,-2.772081
1477.471000,4.995617,-2.808633,10.244585,-0.477568,4.389567,-1.472944,4.970870,-2.794361
1477.771000,4.988707,-2.820818,10.271650,-0.504541,4.389571,-1.497433,4.960174,-2.776965
1477.971000,4.985905,-2.826754,10.238221,-0.492102,4.387221,-1.506987,4.974953,-2.779312
1478.171000,4.986669,-2.832307,10.268117,-0.517866,4.387946,-1.515420,4.961905,-2.795488
1478.371000,4.987113,-2.845180,10.251960,-0.514856,4.385748,-1.526131,4.973807,-2.790372
1478.571000,4.987124,-2.859217,10.253661,-0.505507,4.384787,-1.538501,4.976927,-2.818538
1478.771000,4.987112,-2.860251,10.226045,-0.509399,4.385005,-1.544378,4.965234,-2.825753
1478.971000,4.987141,-2.860523,10.226489,-0.503847,4.385100,-1.545906,4.969845,-2.831489
1479.171000,4.987254,-2.860437,10.202726,-0.522478,4.385166,-1.546440,4.963633,-2.821574
1479.371000,4.987349,-2.860315,10.173370,-0.525113,4.385642,-1.546365,4.962705,-2.835158
1479.671000,4.987454,-2.860164,10.159274,-0.518746,4.386161,-1.546144,4.950986,-2.837367
1479.971000,4.987626,-2.860034,10.155767,-0.520664,4.387625,-1.545900,4.962064,-2.826601
1480.171000,4.987653,-2.859984,10.158195,-0.523733,4.387690,-1.545640,4.965494,-2.825071
1480.371000,4.988878,-2.859407,10.141037,-0.545887,4.387672,-1.545447,4.977239,-2.824816
1480.571000,4.989479,-2.859580,10.115138,-0.525732,4.389560,-1.545880,4.958699,-2.846296
1480.871000,4.961244,-2.880744,10.137502,-0.492247,4.358749,-1.567319,4.967248,-2.828830
1481.171000,4.911172,-2.916347,10.148542,-0.524432,4.306652,-1.603319,4.876870,-2.901496
1481.371000,4.862287,-2.947024,10.138346,-0.521614,4.275134,-1.621398,4.864307,-2.913554
1481.571000,4.831597,-2.964726,10.202825,-0.524537,4.244702,-1.639835,4.830046,-2.915145
1481.771000,4.799115,-2.982262,10.235360,-0.541684,4.211906,-1.657328,4.770639,-2.968969
1481.971000,4.764106,-3.000337,10.226151,-0.549571,4.155089,-1.687832,4.760961,-2.959353
1482.171000,4.726154,-3.019227,10.235997,-0.547147,4.124469,-1.703238,4.683536,-2.998414
1482.371000,4.687345,-3.037677,10.258293,-0.545024,4.093148,-1.719217,4.661077,-3.006809
1482.571000,4.639463,-3.060058,10.273916,-0.546367,4.059659,-1.734759,4.602657,-3.044870
1482.771000,4.605579,-3.076097,10.285873,-0.543908,4.025128,-1.751301,4.560433,-3.051502
1483.071000,4.553477,-3.101778,10.318463,-0.545044,3.957171,-1.782720,4.546037,-3.068484
1483.371000,4.496262,-3.131608,10.358181,-0.556692,3.895223,-1.814958,4.449488,-3.118176
1483.571000,4.458101,-3.151993,10.373044,-0.559524,3.862755,-1.831374,4.422521,-3.119174
1483.771000,4.410390,-3.177455,10.372778,-0.562829,3.831178,-1.848271,4.378446,-3.143342
1483.971000,4.377309,-3.194875,10.380914,-0.571231,3.797726,-1.864813,4.352470,-3.175968
1484.271000,4.323407,-3.221197,10.407704,-0.557703,3.731371,-1.896107,4.301495,-3.177265
1484.571000,4.264725,-3.248180,10.433426,-0.557370,3.665972,-1.926941,4.265057,-3.218366
1484.771000,4.211625,-3.272154,10.439000,-0.548472,3.632886,-1.942012,4.242290,-3.241035
1484.971000,4.177378,-3.287079,10.456389,-0.554775,3.600275,-1.957464,4.179548,-3.246864
1485.171000,4.143754,-3.301344,10.476736,-0.550632,3.566000,-1.972069,4.089133,-3.281098
1485.371000,4.105544,-3.317320,10.495123,-0.550098,3.498001,-2.000066,4.069204,-3.294882
1485.571000,4.065882,-3.334418,10.513252,-0.552408,3.464627,-2.014881,4.032992,-3.338800
1485.771000,4.025750,-3.352602,10.518909,-0.547966,3.430957,-2.030459,3.973393,-3.327302
1485.971000,3.974738,-3.376947,10.527470,-0.547714,3.397503,-2.046123,3.925604,-3.346838
1486.171000,3.941591,-3.393748,10.535112,-0.549444,3.364916,-2.062443,3.931972,-3.370482
1486.471000,3.890285,-3.422328,10.568360,-0.543699,3.299065,-2.097046,3.869627,-3.393018
1486.771000,3.834011,-3.456169,10.584789,-0.590685,3.236279,-2.132539,3.806851,-3.427289
1486.971000,3.796569,-3.478824,10.557879,-0.573067,3.202400,-2.147582,3.787710,-3.450399
1487.171000,3.751403,-3.505282,10.575673,-0.574946,3.169505,-2.166347,3.769194,-3.468327
1487.371000,3.720519,-3.522173,10.596562,-0.563137,3.140289,-2.182425,3.729486,-3.502909
1487.671000,3.667149,-3.549546,10.612783,-0.581514,3.075044,-2.215809,3.652956,-3.526362
1487.971000,3.609241,-3.578674,10.632431,-0.563856,3.010238,-2.249917,3.608131,-3.574691
1488.171000,3.556598,-3.606383,10.648616,-0.562764,2.977176,-2.267197,3.528683,-3.602648
1488.371000,3.524230,-3.623482,10.652021,-0.555686,2.944275,-2.284636,3.517536,-3.597261
1488.571000,3.491066,-3.640767,10.661739,-0.555869,2.911106,-2.301947,3.448928,-3.630952
1488.771000,3.454205,-3.660518,10.686768,-0.549678,2.845440,-2.336355,3.390997,-3.636379
1488.971000,3.416504,-3.680815,10.704739,-0.553502,2.812463,-2.353958,3.354209,-3.668693
1489.171000,3.377706,-3.701614,10.714524,-0.552861,2.779556,-2.371609,3.327189,-3.701559
1489.371000,3.328710,-3.728782,10.717906,-0.545452,2.746732,-2.389020,3.285731,-3.722812
1489.571000,3.295783,-3.746458,10.728833,-0.551507,2.713956,-2.406859,3.211613,-3.708331
